public_id,status,group,resource_type,format,r2_key,key_bytes,bytes,collided,note
"1.Keaa Assets/Keaa Resumes/file_klapaj","approved","resumes","raw","pdf","1.keaa-assets/keaa-resumes/file_klapaj.pdf","42","8791","false",""
"9137-9_Certificate-of-Conformity_RA_SW-coupler_2026-07-31_zykes2","approved","certificate-pdfs","image","pdf","1.keaa-assets/keaa-certificates/9137-9_certificate-of-conformity_ra_sw-coupler_2026-07-31_zykes2.pdf","100","206750","false",""
"B30_Prop_Sigma_Certificate_uwivrj","approved","certificate-pdfs","image","pdf","1.keaa-assets/keaa-certificates/b30_prop_sigma_certificate_uwivrj.pdf","69","680509","false",""
"Comp_2_vo8r0b","approved","hero-videos","video","mp4","1.keaa-assets/1.keaa-hero-page-videos/comp_2_vo8r0b.mp4","55","97178","false",""
"hero-keaa-cinematic_takmbk","approved","hero-videos","video","mp4","1.keaa-assets/1.keaa-hero-page-videos/hero-keaa-cinematic_takmbk.mp4","68","44279926","false",""
"hero1_a0hnen","approved","hero-videos","video","mp4","1.keaa-assets/1.keaa-hero-page-videos/hero1_a0hnen.mp4","54","0","false",""
"Iron_Brace_final_ircyy9","approved","hero-videos","video","mp4","1.keaa-assets/1.keaa-hero-page-videos/iron_brace_final_ircyy9.mp4","65","9789504","false",""
"keaa-products/5-bar-field-gates-100-0","approved","products","image","jpg","1.keaa-assets/keaa-products/5-bar-field-gates-100-0.jpg","55","18474","false",""
"keaa-products/5-bar-field-gates-100-1","approved","products","image","jpg","1.keaa-assets/keaa-products/5-bar-field-gates-100-1.jpg","55","29610","false",""
"keaa-products/5-bar-full-mesh-306-0","approved","products","image","jpg","1.keaa-assets/keaa-products/5-bar-full-mesh-306-0.jpg","53","29364","false",""
"keaa-products/5-bar-full-mesh-306-1","approved","products","image","jpg","1.keaa-assets/keaa-products/5-bar-full-mesh-306-1.jpg","53","17279","false",""
"keaa-products/5-bar-half-mesh-field-gates-305-0","approved","products","image","jpg","1.keaa-assets/keaa-products/5-bar-half-mesh-field-gates-305-0.jpg","65","21226","false",""
"keaa-products/5-bar-half-mesh-field-gates-305-1","approved","products","image","jpg","1.keaa-assets/keaa-products/5-bar-half-mesh-field-gates-305-1.jpg","65","29248","false",""
"keaa-products/6-bar-field-gates-101-0","approved","products","image","jpg","1.keaa-assets/keaa-products/6-bar-field-gates-101-0.jpg","55","19809","false",""
"keaa-products/6-bar-field-gates-101-1","approved","products","image","jpg","1.keaa-assets/keaa-products/6-bar-field-gates-101-1.jpg","55","17098","false",""
"keaa-products/7-bar-national-gates-292-0","approved","products","image","jpg","1.keaa-assets/keaa-products/7-bar-national-gates-292-0.jpg","58","16612","false",""
"keaa-products/9-bar-field-gates-102-0","approved","products","image","jpg","1.keaa-assets/keaa-products/9-bar-field-gates-102-0.jpg","55","25939","false",""
"keaa-products/9-bar-field-gates-102-1","approved","products","image","jpg","1.keaa-assets/keaa-products/9-bar-field-gates-102-1.jpg","55","10612","false",""
"keaa-products/access-scaffold-euro-frame-404-0","approved","products","image","jpg","1.keaa-assets/keaa-products/access-scaffold-euro-frame-404-0.jpg","64","45930","false",""
"keaa-products/accessories-387-0","approved","products","image","jpg","1.keaa-assets/keaa-products/accessories-387-0.jpg","49","9045","false",""
"keaa-products/accessories-388-0","approved","products","image","jpg","1.keaa-assets/keaa-products/accessories-388-0.jpg","49","8820","false",""
"keaa-products/accessories-389-0","approved","products","image","jpg","1.keaa-assets/keaa-products/accessories-389-0.jpg","49","11307","false",""
"keaa-products/accessories-390-0","approved","products","image","jpg","1.keaa-assets/keaa-products/accessories-390-0.jpg","49","11445","false",""
"keaa-products/accessories-391-0","approved","products","image","jpg","1.keaa-assets/keaa-products/accessories-391-0.jpg","49","11734","false",""
"keaa-products/accessories-392-0","approved","products","image","jpg","1.keaa-assets/keaa-products/accessories-392-0.jpg","49","11019","false",""
"keaa-products/adjustable-base-jack-282-0","approved","products","image","jpg","1.keaa-assets/keaa-products/adjustable-base-jack-282-0.jpg","58","9860","false",""
"keaa-products/adjustable-base-jack-with-locking-strip-29-0","approved","products","image","jpg","1.keaa-assets/keaa-products/adjustable-base-jack-with-locking-strip-29-0.jpg","76","12713","false",""
"keaa-products/adjustable-base-jack-with-locking-wing-nut-283-0","approved","products","image","jpg","1.keaa-assets/keaa-products/adjustable-base-jack-with-locking-wing-nut-283-0.jpg","80","10066","false",""
"keaa-products/adjustable-base-jack-with-locking-wing-nut-283-1","approved","products","image","jpg","1.keaa-assets/keaa-products/adjustable-base-jack-with-locking-wing-nut-283-1.jpg","80","13285","false",""
"keaa-products/adjustable-clamp-130-0","approved","products","image","jpg","1.keaa-assets/keaa-products/adjustable-clamp-130-0.jpg","54","12580","false",""
"keaa-products/adjustable-i-type-post-supports-341-0","approved","products","image","jpg","1.keaa-assets/keaa-products/adjustable-i-type-post-supports-341-0.jpg","69","11730","false",""
"keaa-products/adjustable-i-type-post-supports-341-1","approved","products","image","jpg","1.keaa-assets/keaa-products/adjustable-i-type-post-supports-341-1.jpg","69","12288","false",""
"keaa-products/adjustable-i-type-post-supports-341-2","approved","products","image","jpg","1.keaa-assets/keaa-products/adjustable-i-type-post-supports-341-2.jpg","69","12305","false",""
"keaa-products/adjustable-l-type-post-supports-336-0","approved","products","image","jpg","1.keaa-assets/keaa-products/adjustable-l-type-post-supports-336-0.jpg","69","12801","false",""
"keaa-products/adjustable-l-type-post-supports-336-1","approved","products","image","jpg","1.keaa-assets/keaa-products/adjustable-l-type-post-supports-336-1.jpg","69","11505","false",""
"keaa-products/adjustable-l-type-post-supports-336-2","approved","products","image","jpg","1.keaa-assets/keaa-products/adjustable-l-type-post-supports-336-2.jpg","69","10004","false",""
"keaa-products/adjustable-post-support-with-long-nut-343-0","approved","products","image","jpg","1.keaa-assets/keaa-products/adjustable-post-support-with-long-nut-343-0.jpg","75","12920","false",""
"keaa-products/adjustable-post-support-with-long-nut-343-1","approved","products","image","jpg","1.keaa-assets/keaa-products/adjustable-post-support-with-long-nut-343-1.jpg","75","11028","false",""
"keaa-products/adjustable-post-supports-345-0","approved","products","image","jpg","1.keaa-assets/keaa-products/adjustable-post-supports-345-0.jpg","62","18587","false",""
"keaa-products/adjustable-post-supports-345-1","approved","products","image","jpg","1.keaa-assets/keaa-products/adjustable-post-supports-345-1.jpg","62","12004","false",""
"keaa-products/adjustable-post-supports-346-0","approved","products","image","jpg","1.keaa-assets/keaa-products/adjustable-post-supports-346-0.jpg","62","23259","false",""
"keaa-products/adjustable-post-supports-346-1","approved","products","image","jpg","1.keaa-assets/keaa-products/adjustable-post-supports-346-1.jpg","62","14891","false",""
"keaa-products/adjustable-railing-clamp-plank-heavy-duty-219-0","approved","products","image","jpg","1.keaa-assets/keaa-products/adjustable-railing-clamp-plank-heavy-duty-219-0.jpg","79","9979","false",""
"keaa-products/adjustable-railing-clamp-planks-217-0","approved","products","image","jpg","1.keaa-assets/keaa-products/adjustable-railing-clamp-planks-217-0.jpg","69","11075","false",""
"keaa-products/adjustable-railing-clamp-planks-217-1","approved","products","image","jpg","1.keaa-assets/keaa-products/adjustable-railing-clamp-planks-217-1.jpg","69","18167","false",""
"keaa-products/adjustable-railing-clamp-tubes-215-0","approved","products","image","jpg","1.keaa-assets/keaa-products/adjustable-railing-clamp-tubes-215-0.jpg","68","9551","false",""
"keaa-products/adjustable-t-type-post-support-339-0","approved","products","image","jpg","1.keaa-assets/keaa-products/adjustable-t-type-post-support-339-0.jpg","68","11395","false",""
"keaa-products/adjustable-t-type-post-support-339-1","approved","products","image","jpg","1.keaa-assets/keaa-products/adjustable-t-type-post-support-339-1.jpg","68","11756","false",""
"keaa-products/adjustable-t-type-post-support-339-2","approved","products","image","jpg","1.keaa-assets/keaa-products/adjustable-t-type-post-support-339-2.jpg","68","9842","false",""
"keaa-products/adjustable-t-type-post-support-with-base-plate-340-0","approved","products","image","jpg","1.keaa-assets/keaa-products/adjustable-t-type-post-support-with-base-plate-340-0.jpg","84","14342","false",""
"keaa-products/adjustable-t-type-post-support-with-base-plate-340-1","approved","products","image","jpg","1.keaa-assets/keaa-products/adjustable-t-type-post-support-with-base-plate-340-1.jpg","84","12516","false",""
"keaa-products/adjustable-t-type-post-support-with-base-plate-340-2","approved","products","image","jpg","1.keaa-assets/keaa-products/adjustable-t-type-post-support-with-base-plate-340-2.jpg","84","12551","false",""
"keaa-products/adjustable-threaded-post-supports-342-0","approved","products","image","jpg","1.keaa-assets/keaa-products/adjustable-threaded-post-supports-342-0.jpg","71","10693","false",""
"keaa-products/adjustable-threaded-post-supports-342-1","approved","products","image","jpg","1.keaa-assets/keaa-products/adjustable-threaded-post-supports-342-1.jpg","71","10893","false",""
"keaa-products/adjustable-threaded-post-supports-342-2","approved","products","image","jpg","1.keaa-assets/keaa-products/adjustable-threaded-post-supports-342-2.jpg","71","12516","false",""
"keaa-products/adjustable-y-type-post-support-with-long-nut-337-0","approved","products","image","jpg","1.keaa-assets/keaa-products/adjustable-y-type-post-support-with-long-nut-337-0.jpg","82","9729","false",""
"keaa-products/adjustable-y-type-post-support-with-long-nut-337-1","approved","products","image","jpg","1.keaa-assets/keaa-products/adjustable-y-type-post-support-with-long-nut-337-1.jpg","82","11411","false",""
"keaa-products/adjustable-y-type-post-support-with-long-nut-337-2","approved","products","image","jpg","1.keaa-assets/keaa-products/adjustable-y-type-post-support-with-long-nut-337-2.jpg","82","9377","false",""
"keaa-products/adjustable-y-type-post-supports-333-0","approved","products","image","jpg","1.keaa-assets/keaa-products/adjustable-y-type-post-supports-333-0.jpg","69","13126","false",""
"keaa-products/adjustable-y-type-post-supports-333-1","approved","products","image","jpg","1.keaa-assets/keaa-products/adjustable-y-type-post-supports-333-1.jpg","69","11543","false",""
"keaa-products/adjustable-y-type-post-supports-333-2","approved","products","image","jpg","1.keaa-assets/keaa-products/adjustable-y-type-post-supports-333-2.jpg","69","9441","false",""
"keaa-products/adjustable-y-type-post-supports-334-0","approved","products","image","jpg","1.keaa-assets/keaa-products/adjustable-y-type-post-supports-334-0.jpg","69","12937","false",""
"keaa-products/adjustable-y-type-post-supports-334-1","approved","products","image","jpg","1.keaa-assets/keaa-products/adjustable-y-type-post-supports-334-1.jpg","69","11346","false",""
"keaa-products/adjustable-y-type-post-supports-334-2","approved","products","image","jpg","1.keaa-assets/keaa-products/adjustable-y-type-post-supports-334-2.jpg","69","9295","false",""
"keaa-products/adjustable-y-type-post-supports-335-0","approved","products","image","jpg","1.keaa-assets/keaa-products/adjustable-y-type-post-supports-335-0.jpg","69","14630","false",""
"keaa-products/adjustable-y-type-post-supports-335-1","approved","products","image","jpg","1.keaa-assets/keaa-products/adjustable-y-type-post-supports-335-1.jpg","69","11712","false",""
"keaa-products/adjustable-y-type-post-supports-335-2","approved","products","image","jpg","1.keaa-assets/keaa-products/adjustable-y-type-post-supports-335-2.jpg","69","12832","false",""
"keaa-products/adjustable-y-type-post-supports-with-long-nut-base-plate-338-0","approved","products","image","jpg","1.keaa-assets/keaa-products/adjustable-y-type-post-supports-with-long-nut-base-plate-338-0.jpg","94","12455","false",""
"keaa-products/adjustable-y-type-post-supports-with-long-nut-base-plate-338-1","approved","products","image","jpg","1.keaa-assets/keaa-products/adjustable-y-type-post-supports-with-long-nut-base-plate-338-1.jpg","94","11379","false",""
"keaa-products/adjustable-y-type-post-supports-with-long-nut-base-plate-338-2","approved","products","image","jpg","1.keaa-assets/keaa-products/adjustable-y-type-post-supports-with-long-nut-base-plate-338-2.jpg","94","11514","false",""
"keaa-products/anchor-clamp-bend-401-0","approved","products","image","jpg","1.keaa-assets/keaa-products/anchor-clamp-bend-401-0.jpg","55","10296","false",""
"keaa-products/anchor-foot-399-0","approved","products","image","jpg","1.keaa-assets/keaa-products/anchor-foot-399-0.jpg","49","12855","false",""
"keaa-products/anchor-footdw-15-398-0","approved","products","image","jpg","1.keaa-assets/keaa-products/anchor-footdw-15-398-0.jpg","54","14879","false",""
"keaa-products/anchor-nut-100mm-forged-165-0","approved","products","image","jpg","1.keaa-assets/keaa-products/anchor-nut-100mm-forged-165-0.jpg","61","9949","false",""
"keaa-products/angle-connectors-309-0","approved","products","image","jpg","1.keaa-assets/keaa-products/angle-connectors-309-0.jpg","54","15968","false",""
"keaa-products/angle-connectors-309-1","approved","products","image","jpg","1.keaa-assets/keaa-products/angle-connectors-309-1.jpg","54","15553","false",""
"keaa-products/angle-connectors-309-2","approved","products","image","jpg","1.keaa-assets/keaa-products/angle-connectors-309-2.jpg","54","13413","false",""
"keaa-products/angle-connectors-310-0","approved","products","image","jpg","1.keaa-assets/keaa-products/angle-connectors-310-0.jpg","54","14354","false",""
"keaa-products/angle-connectors-310-1","approved","products","image","jpg","1.keaa-assets/keaa-products/angle-connectors-310-1.jpg","54","18851","false",""
"keaa-products/angle-connectors-310-2","approved","products","image","jpg","1.keaa-assets/keaa-products/angle-connectors-310-2.jpg","54","12036","false",""
"keaa-products/angle-connectors-adjustable-311-0","approved","products","image","jpg","1.keaa-assets/keaa-products/angle-connectors-adjustable-311-0.jpg","65","21234","false",""
"keaa-products/angle-connectors-adjustable-311-1","approved","products","image","jpg","1.keaa-assets/keaa-products/angle-connectors-adjustable-311-1.jpg","65","16419","false",""
"keaa-products/angle-connectors-adjustable-311-2","approved","products","image","jpg","1.keaa-assets/keaa-products/angle-connectors-adjustable-311-2.jpg","65","17715","false",""
"keaa-products/angle-connectors-with-rib-307-0","approved","products","image","jpg","1.keaa-assets/keaa-products/angle-connectors-with-rib-307-0.jpg","63","17971","false",""
"keaa-products/angle-connectors-with-rib-307-1","approved","products","image","jpg","1.keaa-assets/keaa-products/angle-connectors-with-rib-307-1.jpg","63","11820","false",""
"keaa-products/angle-connectors-with-rib-307-2","approved","products","image","jpg","1.keaa-assets/keaa-products/angle-connectors-with-rib-307-2.jpg","63","12551","false",""
"keaa-products/angle-connectors-without-rib-308-0","approved","products","image","jpg","1.keaa-assets/keaa-products/angle-connectors-without-rib-308-0.jpg","66","18129","false",""
"keaa-products/angle-connectors-without-rib-308-1","approved","products","image","jpg","1.keaa-assets/keaa-products/angle-connectors-without-rib-308-1.jpg","66","12398","false",""
"keaa-products/angle-connectors-without-rib-308-2","approved","products","image","jpg","1.keaa-assets/keaa-products/angle-connectors-without-rib-308-2.jpg","66","11868","false",""
"keaa-products/angle-connectors-without-rib-308-3","approved","products","image","jpg","1.keaa-assets/keaa-products/angle-connectors-without-rib-308-3.jpg","66","17928","false",""
"keaa-products/apron-293-0","approved","products","image","jpg","1.keaa-assets/keaa-products/apron-293-0.jpg","43","29410","false",""
"keaa-products/base-collar-270-0","approved","products","image","jpg","1.keaa-assets/keaa-products/base-collar-270-0.jpg","49","8584","false",""
"keaa-products/base-jack-with-welded-tube-284-0","approved","products","image","jpg","1.keaa-assets/keaa-products/base-jack-with-welded-tube-284-0.jpg","64","9369","false",""
"keaa-products/base-jack-with-welded-tube-284-1","approved","products","image","jpg","1.keaa-assets/keaa-products/base-jack-with-welded-tube-284-1.jpg","64","9369","false",""
"keaa-products/beam-clamp-slotted-176-0","approved","products","image","jpg","1.keaa-assets/keaa-products/beam-clamp-slotted-176-0.jpg","56","10106","false",""
"keaa-products/beam-head-143-0","approved","products","image","jpg","1.keaa-assets/keaa-products/beam-head-143-0.jpg","47","8486","false",""
"keaa-products/beam-vice-179-0","approved","products","image","jpg","1.keaa-assets/keaa-products/beam-vice-179-0.jpg","47","7908","false",""
"keaa-products/bicycle-stands-367-0","approved","products","image","jpg","1.keaa-assets/keaa-products/bicycle-stands-367-0.jpg","52","14815","false",""
"keaa-products/bicycle-stands-367-1","approved","products","image","jpg","1.keaa-assets/keaa-products/bicycle-stands-367-1.jpg","52","13966","false",""
"keaa-products/board-bracket-14-0","approved","products","image","jpg","1.keaa-assets/keaa-products/board-bracket-14-0.jpg","50","11700","false",""
"keaa-products/boltdown-post-supports-330-0","approved","products","image","jpg","1.keaa-assets/keaa-products/boltdown-post-supports-330-0.jpg","60","17218","false",""
"keaa-products/boltdown-post-supports-330-1","approved","products","image","jpg","1.keaa-assets/keaa-products/boltdown-post-supports-330-1.jpg","60","11729","false",""
"keaa-products/boltdown-post-supports-330-2","approved","products","image","jpg","1.keaa-assets/keaa-products/boltdown-post-supports-330-2.jpg","60","12576","false",""
"keaa-products/bottom-cup-275-0","approved","products","image","jpg","1.keaa-assets/keaa-products/bottom-cup-275-0.jpg","48","9475","false",""
"keaa-products/bracket-407-0","approved","products","image","jpg","1.keaa-assets/keaa-products/bracket-407-0.jpg","45","13638","false",""
"keaa-products/bridge-pole-372-0","approved","products","image","jpg","1.keaa-assets/keaa-products/bridge-pole-372-0.jpg","49","25456","false",""
"keaa-products/brisket-board-clamp-63-0","approved","products","image","jpg","1.keaa-assets/keaa-products/brisket-board-clamp-63-0.jpg","56","11696","false",""
"keaa-products/brisket-board-plate-64-0","approved","products","image","jpg","1.keaa-assets/keaa-products/brisket-board-plate-64-0.jpg","56","11895","false",""
"keaa-products/bucket-holder-92-0","approved","products","image","jpg","1.keaa-assets/keaa-products/bucket-holder-92-0.jpg","50","18666","false",""
"keaa-products/builder-clamp-174-0","approved","products","image","jpg","1.keaa-assets/keaa-products/builder-clamp-174-0.jpg","51","8864","false",""
"keaa-products/c-lock-384-0","approved","products","image","jpg","1.keaa-assets/keaa-products/c-lock-384-0.jpg","44","12069","false",""
"keaa-products/calf-feed-trough-48-0","approved","products","image","jpg","1.keaa-assets/keaa-products/calf-feed-trough-48-0.jpg","53","13404","false",""
"keaa-products/calf-jackets-297-0","approved","products","image","jpg","1.keaa-assets/keaa-products/calf-jackets-297-0.jpg","50","27503","false",""
"keaa-products/calf-panel-50-0","approved","products","image","jpg","1.keaa-assets/keaa-products/calf-panel-50-0.jpg","47","21027","false",""
"keaa-products/canada-lock-385-0","approved","products","image","jpg","1.keaa-assets/keaa-products/canada-lock-385-0.jpg","49","11482","false",""
"keaa-products/combination-railing-post-tubes-planks-216-0","approved","products","image","jpg","1.keaa-assets/keaa-products/combination-railing-post-tubes-planks-216-0.jpg","75","21891","false",""
"keaa-products/comfot-cubicle-divider-38-0","approved","products","image","jpg","1.keaa-assets/keaa-products/comfot-cubicle-divider-38-0.jpg","59","11801","false",""
"keaa-products/comfot-cubicle-divider-38-1","approved","products","image","jpg","1.keaa-assets/keaa-products/comfot-cubicle-divider-38-1.jpg","59","17341","false",""
"keaa-products/composter-basket-for-riddle-leaves-363-0","approved","products","image","jpg","1.keaa-assets/keaa-products/composter-basket-for-riddle-leaves-363-0.jpg","72","30023","false",""
"keaa-products/composter-basket-for-riddle-leaves-363-1","approved","products","image","jpg","1.keaa-assets/keaa-products/composter-basket-for-riddle-leaves-363-1.jpg","72","23234","false",""
"keaa-products/connecting-pin-16mm-with-r-clip-171-0","approved","products","image","jpg","1.keaa-assets/keaa-products/connecting-pin-16mm-with-r-clip-171-0.jpg","69","7336","false",""
"keaa-products/console-177-0","approved","products","image","jpg","1.keaa-assets/keaa-products/console-177-0.jpg","45","12074","false",""
"keaa-products/coupler-with-welded-strip-194-0","approved","products","image","jpg","1.keaa-assets/keaa-products/coupler-with-welded-strip-194-0.jpg","63","14760","false",""
"keaa-products/cross-braces-7-0","approved","products","image","jpg","1.keaa-assets/keaa-products/cross-braces-7-0.jpg","48","12178","false",""
"keaa-products/crow-bars-220-0","approved","products","image","jpg","1.keaa-assets/keaa-products/crow-bars-220-0.jpg","47","11927","false",""
"keaa-products/crowd-control-barrier-224-0","approved","products","image","jpg","1.keaa-assets/keaa-products/crowd-control-barrier-224-0.jpg","59","25417","false",""
"keaa-products/cuplock-ladder-bracket-279-0","approved","products","image","jpg","1.keaa-assets/keaa-products/cuplock-ladder-bracket-279-0.jpg","60","8477","false",""
"keaa-products/cuplock-standard-23-0","approved","products","image","jpg","1.keaa-assets/keaa-products/cuplock-standard-23-0.jpg","53","11403","false",""
"keaa-products/diagonal-barriers-42-0","approved","products","image","jpg","1.keaa-assets/keaa-products/diagonal-barriers-42-0.jpg","54","18741","false",""
"keaa-products/diagonal-brace-15-0","approved","products","image","jpg","1.keaa-assets/keaa-products/diagonal-brace-15-0.jpg","51","13955","false",""
"keaa-products/diagonal-brace-26-0","approved","products","image","jpg","1.keaa-assets/keaa-products/diagonal-brace-26-0.jpg","51","13608","false",""
"keaa-products/diagonal-brace-26-1","approved","products","image","jpg","1.keaa-assets/keaa-products/diagonal-brace-26-1.jpg","51","11263","false",""
"keaa-products/door-frames-368-0","approved","products","image","jpg","1.keaa-assets/keaa-products/door-frames-368-0.jpg","49","16285","false",""
"keaa-products/door-frames-368-1","approved","products","image","jpg","1.keaa-assets/keaa-products/door-frames-368-1.jpg","49","15291","false",""
"keaa-products/double-front-guard-rail-409-0","approved","products","image","jpg","1.keaa-assets/keaa-products/double-front-guard-rail-409-0.jpg","61","13392","false",""
"keaa-products/double-guard-rail-406-0","approved","products","image","jpg","1.keaa-assets/keaa-products/double-guard-rail-406-0.jpg","55","12130","false",""
"keaa-products/double-head-clamp-53-0","approved","products","image","jpg","1.keaa-assets/keaa-products/double-head-clamp-53-0.jpg","54","14189","false",""
"keaa-products/double-head-clamp-54-0","approved","products","image","jpg","1.keaa-assets/keaa-products/double-head-clamp-54-0.jpg","54","12902","false",""
"keaa-products/double-mounting-bracket-for-cubicle-divider-62-0","approved","products","image","jpg","1.keaa-assets/keaa-products/double-mounting-bracket-for-cubicle-divider-62-0.jpg","80","10386","false",""
"keaa-products/double-side-hay-basket-90-0","approved","products","image","jpg","1.keaa-assets/keaa-products/double-side-hay-basket-90-0.jpg","59","25745","false",""
"keaa-products/drafting-gate-97-0","approved","products","image","jpg","1.keaa-assets/keaa-products/drafting-gate-97-0.jpg","50","34904","false",""
"keaa-products/drop-lock-380-0","approved","products","image","jpg","1.keaa-assets/keaa-products/drop-lock-380-0.jpg","47","10733","false",""
"keaa-products/earth-sieve-364-0","approved","products","image","jpg","1.keaa-assets/keaa-products/earth-sieve-364-0.jpg","49","16981","false",""
"keaa-products/earth-sieve-364-1","approved","products","image","jpg","1.keaa-assets/keaa-products/earth-sieve-364-1.jpg","49","20669","false",""
"keaa-products/enhak-standard-18-0","approved","products","image","jpg","1.keaa-assets/keaa-products/enhak-standard-18-0.jpg","51","13876","false",""
"keaa-products/enhak-standard-18-1","approved","products","image","jpg","1.keaa-assets/keaa-products/enhak-standard-18-1.jpg","51","11626","false",""
"keaa-products/euro-assembly-frame-410-0","approved","products","image","jpg","1.keaa-assets/keaa-products/euro-assembly-frame-410-0.jpg","57","11289","false",""
"keaa-products/euro-end-guard-rail-support-405-0","approved","products","image","jpg","1.keaa-assets/keaa-products/euro-end-guard-rail-support-405-0.jpg","65","14141","false",""
"keaa-products/euro-plettac-frame-2m-411-0","approved","products","image","jpg","1.keaa-assets/keaa-products/euro-plettac-frame-2m-411-0.jpg","59","10445","false",""
"keaa-products/euro-plettac-frame-2m-412-0","approved","products","image","jpg","1.keaa-assets/keaa-products/euro-plettac-frame-2m-412-0.jpg","59","43336","false",""
"keaa-products/extension-assemblies-175-0","approved","products","image","jpg","1.keaa-assets/keaa-products/extension-assemblies-175-0.jpg","58","8941","false",""
"keaa-products/extra-spaced-gate-hanger-107-0","approved","products","image","jpg","1.keaa-assets/keaa-products/extra-spaced-gate-hanger-107-0.jpg","62","14698","false",""
"keaa-products/eye-bolts-108-0","approved","products","image","jpg","1.keaa-assets/keaa-products/eye-bolts-108-0.jpg","47","12717","false",""
"keaa-products/farrowing-crate-123-0","approved","products","image","jpg","1.keaa-assets/keaa-products/farrowing-crate-123-0.jpg","53","24445","false",""
"keaa-products/fast-lock-382-0","approved","products","image","jpg","1.keaa-assets/keaa-products/fast-lock-382-0.jpg","47","12421","false",""
"keaa-products/feed-bowls-127-0","approved","products","image","jpg","1.keaa-assets/keaa-products/feed-bowls-127-0.jpg","48","11557","false",""
"keaa-products/feeding-trough-303-0","approved","products","image","jpg","1.keaa-assets/keaa-products/feeding-trough-303-0.jpg","52","15565","false",""
"keaa-products/fence-coupler-allen-key-bolt-m-12-205-0","approved","products","image","jpg","1.keaa-assets/keaa-products/fence-coupler-allen-key-bolt-m-12-205-0.jpg","71","17259","false",""
"keaa-products/fence-coupler-carriage-bolt-m12-204-0","approved","products","image","jpg","1.keaa-assets/keaa-products/fence-coupler-carriage-bolt-m12-204-0.jpg","69","11404","false",""
"keaa-products/fence-panels-302-0","approved","products","image","jpg","1.keaa-assets/keaa-products/fence-panels-302-0.jpg","50","14539","false",""
"keaa-products/flate-gate-hanger-105-0","approved","products","image","jpg","1.keaa-assets/keaa-products/flate-gate-hanger-105-0.jpg","55","18099","false",""
"keaa-products/flip-lock-379-0","approved","products","image","jpg","1.keaa-assets/keaa-products/flip-lock-379-0.jpg","47","10915","false",""
"keaa-products/foot-clamp-129-0","approved","products","image","jpg","1.keaa-assets/keaa-products/foot-clamp-129-0.jpg","48","11595","false",""
"keaa-products/fork-head-hole-141-0","approved","products","image","jpg","1.keaa-assets/keaa-products/fork-head-hole-141-0.jpg","52","8897","false",""
"keaa-products/fork-head-jack-146-0","approved","products","image","jpg","1.keaa-assets/keaa-products/fork-head-jack-146-0.jpg","52","9639","false",""
"keaa-products/fork-head-light-duty-137-0","approved","products","image","jpg","1.keaa-assets/keaa-products/fork-head-light-duty-137-0.jpg","58","8772","false",""
"keaa-products/fork-head-rod-138-0","approved","products","image","jpg","1.keaa-assets/keaa-products/fork-head-rod-138-0.jpg","51","8217","false",""
"keaa-products/fork-head-rod-holes-in-plate-139-0","approved","products","image","jpg","1.keaa-assets/keaa-products/fork-head-rod-holes-in-plate-139-0.jpg","66","13624","false",""
"keaa-products/fork-head-rod-holes-in-plate-139-1","approved","products","image","jpg","1.keaa-assets/keaa-products/fork-head-rod-holes-in-plate-139-1.jpg","66","12093","false",""
"keaa-products/fork-head-slotted-140-0","approved","products","image","jpg","1.keaa-assets/keaa-products/fork-head-slotted-140-0.jpg","55","8663","false",""
"keaa-products/fork-head-u-strip-142-0","approved","products","image","jpg","1.keaa-assets/keaa-products/fork-head-u-strip-142-0.jpg","55","8671","false",""
"keaa-products/formwork-panel-wedge-clamp-01-168-0","approved","products","image","jpg","1.keaa-assets/keaa-products/formwork-panel-wedge-clamp-01-168-0.jpg","67","10837","false",""
"keaa-products/formwork-panel-wedge-clamp-01-168-1","approved","products","image","jpg","1.keaa-assets/keaa-products/formwork-panel-wedge-clamp-01-168-1.jpg","67","10837","false",""
"keaa-products/formwork-panel-wedge-clamp-02-169-0","approved","products","image","jpg","1.keaa-assets/keaa-products/formwork-panel-wedge-clamp-02-169-0.jpg","67","11798","false",""
"keaa-products/frame-2-steps-6-0","approved","products","image","jpg","1.keaa-assets/keaa-products/frame-2-steps-6-0.jpg","49","9652","false",""
"keaa-products/frame-3-steps-5-0","approved","products","image","jpg","1.keaa-assets/keaa-products/frame-3-steps-5-0.jpg","49","10290","false",""
"keaa-products/frame-5-steps-4-0","approved","products","image","jpg","1.keaa-assets/keaa-products/frame-5-steps-4-0.jpg","49","12479","false",""
"keaa-products/galvanized-tubes-206-0","approved","products","image","jpg","1.keaa-assets/keaa-products/galvanized-tubes-206-0.jpg","54","11301","false",""
"keaa-products/galvanized-tubes-33-7x2-5-214-0","approved","products","image","jpg","1.keaa-assets/keaa-products/galvanized-tubes-33-7x2-5-214-0.jpg","63","38545","false",""
"keaa-products/gate-posts-133-0","approved","products","image","jpg","1.keaa-assets/keaa-products/gate-posts-133-0.jpg","48","7954","false",""
"keaa-products/gate-posts-289-0","approved","products","image","jpg","1.keaa-assets/keaa-products/gate-posts-289-0.jpg","48","7916","false",""
"keaa-products/german-right-angle-coupler-180-0","approved","products","image","jpg","1.keaa-assets/keaa-products/german-right-angle-coupler-180-0.jpg","64","11755","false",""
"keaa-products/german-right-angle-coupler-180-1","approved","products","image","jpg","1.keaa-assets/keaa-products/german-right-angle-coupler-180-1.jpg","64","18789","false",""
"keaa-products/german-swivel-coupler-181-0","approved","products","image","jpg","1.keaa-assets/keaa-products/german-swivel-coupler-181-0.jpg","59","11384","false",""
"keaa-products/german-swivel-coupler-181-1","approved","products","image","jpg","1.keaa-assets/keaa-products/german-swivel-coupler-181-1.jpg","59","18789","false",""
"keaa-products/gestation-pen-124-0","approved","products","image","jpg","1.keaa-assets/keaa-products/gestation-pen-124-0.jpg","51","24146","false",""
"keaa-products/giant-feed-headlock-40-0","approved","products","image","jpg","1.keaa-assets/keaa-products/giant-feed-headlock-40-0.jpg","56","24647","false",""
"keaa-products/giant-feed-headlock-40-1","approved","products","image","jpg","1.keaa-assets/keaa-products/giant-feed-headlock-40-1.jpg","56","12008","false",""
"keaa-products/giant-feed-headlock-40-2","approved","products","image","jpg","1.keaa-assets/keaa-products/giant-feed-headlock-40-2.jpg","56","17394","false",""
"keaa-products/giant-feed-headlock-40-3","approved","products","image","jpg","1.keaa-assets/keaa-products/giant-feed-headlock-40-3.jpg","56","17686","false",""
"keaa-products/girder-coupler-192-0","approved","products","image","jpg","1.keaa-assets/keaa-products/girder-coupler-192-0.jpg","52","9125","false",""
"keaa-products/girder-coupler-200-0","approved","products","image","jpg","1.keaa-assets/keaa-products/girder-coupler-200-0.jpg","52","11803","false",""
"keaa-products/gravity-pin-375-0","approved","products","image","jpg","1.keaa-assets/keaa-products/gravity-pin-375-0.jpg","49","12049","false",""
"keaa-products/ground-plates-bolt-type-358-0","approved","products","image","jpg","1.keaa-assets/keaa-products/ground-plates-bolt-type-358-0.jpg","61","16057","false",""
"keaa-products/ground-plates-bolt-type-358-1","approved","products","image","jpg","1.keaa-assets/keaa-products/ground-plates-bolt-type-358-1.jpg","61","13491","false",""
"keaa-products/ground-plates-for-round-post-355-0","approved","products","image","jpg","1.keaa-assets/keaa-products/ground-plates-for-round-post-355-0.jpg","66","14769","false",""
"keaa-products/ground-plates-for-round-post-355-1","approved","products","image","jpg","1.keaa-assets/keaa-products/ground-plates-for-round-post-355-1.jpg","66","11887","false",""
"keaa-products/ground-plates-for-square-post-354-0","approved","products","image","jpg","1.keaa-assets/keaa-products/ground-plates-for-square-post-354-0.jpg","67","14528","false",""
"keaa-products/ground-plates-for-square-post-354-1","approved","products","image","jpg","1.keaa-assets/keaa-products/ground-plates-for-square-post-354-1.jpg","67","12769","false",""
"keaa-products/ground-plates-wedge-grip-359-0","approved","products","image","jpg","1.keaa-assets/keaa-products/ground-plates-wedge-grip-359-0.jpg","62","15782","false",""
"keaa-products/ground-plates-wedge-grip-359-1","approved","products","image","jpg","1.keaa-assets/keaa-products/ground-plates-wedge-grip-359-1.jpg","62","13629","false",""
"keaa-products/ground-trough-132-0","approved","products","image","jpg","1.keaa-assets/keaa-products/ground-trough-132-0.jpg","51","11757","false",""
"keaa-products/guard-for-water-bowl-304-0","approved","products","image","jpg","1.keaa-assets/keaa-products/guard-for-water-bowl-304-0.jpg","58","15161","false",""
"keaa-products/guard-rail-block-tubes-207-0","approved","products","image","jpg","1.keaa-assets/keaa-products/guard-rail-block-tubes-207-0.jpg","60","10391","false",""
"keaa-products/guard-rail-connector-280-0","approved","products","image","jpg","1.keaa-assets/keaa-products/guard-rail-connector-280-0.jpg","58","8354","false",""
"keaa-products/guard-rail-frame-20-0","approved","products","image","jpg","1.keaa-assets/keaa-products/guard-rail-frame-20-0.jpg","53","11438","false",""
"keaa-products/guard-rail-frame-9-0","approved","products","image","jpg","1.keaa-assets/keaa-products/guard-rail-frame-9-0.jpg","52","11721","false",""
"keaa-products/guard-rail-planks-210-0","approved","products","image","jpg","1.keaa-assets/keaa-products/guard-rail-planks-210-0.jpg","55","9267","false",""
"keaa-products/guard-rail-planks-3-hooks-211-0","approved","products","image","jpg","1.keaa-assets/keaa-products/guard-rail-planks-3-hooks-211-0.jpg","63","8638","false",""
"keaa-products/guard-rail-special-type-213-0","approved","products","image","jpg","1.keaa-assets/keaa-products/guard-rail-special-type-213-0.jpg","61","8029","false",""
"keaa-products/guard-rail-support-408-0","approved","products","image","jpg","1.keaa-assets/keaa-products/guard-rail-support-408-0.jpg","56","10718","false",""
"keaa-products/guard-rail-tubes-3-block-208-0","approved","products","image","jpg","1.keaa-assets/keaa-products/guard-rail-tubes-3-block-208-0.jpg","62","9520","false",""
"keaa-products/guard-rail-tubes-double-block-209-0","approved","products","image","jpg","1.keaa-assets/keaa-products/guard-rail-tubes-double-block-209-0.jpg","67","19823","false",""
"keaa-products/guarder-gate-hanger-with-washer-113-0","approved","products","image","jpg","1.keaa-assets/keaa-products/guarder-gate-hanger-with-washer-113-0.jpg","69","17334","false",""
"keaa-products/guarder-gate-hanger-without-washer-114-0","approved","products","image","jpg","1.keaa-assets/keaa-products/guarder-gate-hanger-without-washer-114-0.jpg","72","17334","false",""
"keaa-products/h-panel-178-0","approved","products","image","jpg","1.keaa-assets/keaa-products/h-panel-178-0.jpg","45","9120","false",""
"keaa-products/h-type-post-supports-323-0","approved","products","image","jpg","1.keaa-assets/keaa-products/h-type-post-supports-323-0.jpg","58","13048","false",""
"keaa-products/h-type-post-supports-323-1","approved","products","image","jpg","1.keaa-assets/keaa-products/h-type-post-supports-323-1.jpg","58","12650","false",""
"keaa-products/h-type-post-supports-323-2","approved","products","image","jpg","1.keaa-assets/keaa-products/h-type-post-supports-323-2.jpg","58","10021","false",""
"keaa-products/haki-tower-413-0","approved","products","image","jpg","1.keaa-assets/keaa-products/haki-tower-413-0.jpg","48","25210","false",""
"keaa-products/half-coupler-203-0","approved","products","image","jpg","1.keaa-assets/keaa-products/half-coupler-203-0.jpg","50","11360","false",""
"keaa-products/half-coupler-403-0","approved","products","image","jpg","1.keaa-assets/keaa-products/half-coupler-403-0.jpg","50","12365","false",""
"keaa-products/half-coupler-assembled-187-0","approved","products","image","jpg","1.keaa-assets/keaa-products/half-coupler-assembled-187-0.jpg","60","11466","false",""
"keaa-products/half-coupler-unassembled-186-0","approved","products","image","jpg","1.keaa-assets/keaa-products/half-coupler-unassembled-186-0.jpg","62","17317","false",""
"keaa-products/half-coupler-with-brace-lock-185-0","approved","products","image","jpg","1.keaa-assets/keaa-products/half-coupler-with-brace-lock-185-0.jpg","66","10728","false",""
"keaa-products/half-coupler-with-l-strip-long-short-189-0","approved","products","image","jpg","1.keaa-assets/keaa-products/half-coupler-with-l-strip-long-short-189-0.jpg","74","13767","false",""
"keaa-products/half-coupler-with-welded-l-rod-188-0","approved","products","image","jpg","1.keaa-assets/keaa-products/half-coupler-with-welded-l-rod-188-0.jpg","68","9711","false",""
"keaa-products/half-coupler-with-welded-rod-190-0","approved","products","image","jpg","1.keaa-assets/keaa-products/half-coupler-with-welded-rod-190-0.jpg","66","11499","false",""
"keaa-products/half-coupler-with-welded-tube-195-0","approved","products","image","jpg","1.keaa-assets/keaa-products/half-coupler-with-welded-tube-195-0.jpg","67","13613","false",""
"keaa-products/half-coupler-with-welded-v-strip-191-0","approved","products","image","jpg","1.keaa-assets/keaa-products/half-coupler-with-welded-v-strip-191-0.jpg","70","14829","false",""
"keaa-products/hang-on-basket-91-0","approved","products","image","jpg","1.keaa-assets/keaa-products/hang-on-basket-91-0.jpg","51","23806","false",""
"keaa-products/hang-on-trough-131-0","approved","products","image","jpg","1.keaa-assets/keaa-products/hang-on-trough-131-0.jpg","52","12102","false",""
"keaa-products/hay-feeders-299-0","approved","products","image","jpg","1.keaa-assets/keaa-products/hay-feeders-299-0.jpg","49","20923","false",""
"keaa-products/hay-feeders-299-1","approved","products","image","jpg","1.keaa-assets/keaa-products/hay-feeders-299-1.jpg","49","25021","false",""
"keaa-products/hay-racks-301-0","approved","products","image","jpg","1.keaa-assets/keaa-products/hay-racks-301-0.jpg","47","15506","false",""
"keaa-products/head-lock-handle-plate-type-78-0","approved","products","image","jpg","1.keaa-assets/keaa-products/head-lock-handle-plate-type-78-0.jpg","64","11062","false",""
"keaa-products/head-lock-handle-tube-type-77-0","approved","products","image","jpg","1.keaa-assets/keaa-products/head-lock-handle-tube-type-77-0.jpg","63","11062","false",""
"keaa-products/hexagonal-nut-or-nut-with-locking-pin-170-0","approved","products","image","jpg","1.keaa-assets/keaa-products/hexagonal-nut-or-nut-with-locking-pin-170-0.jpg","75","9637","false",""
"keaa-products/hiefer-safety-headlocks-44-0","approved","products","image","jpg","1.keaa-assets/keaa-products/hiefer-safety-headlocks-44-0.jpg","60","23284","false",""
"keaa-products/hiefer-safety-headlocks-44-1","approved","products","image","jpg","1.keaa-assets/keaa-products/hiefer-safety-headlocks-44-1.jpg","60","11740","false",""
"keaa-products/hiefer-safety-headlocks-44-2","approved","products","image","jpg","1.keaa-assets/keaa-products/hiefer-safety-headlocks-44-2.jpg","60","13040","false",""
"keaa-products/high-tensile-material-144-0","approved","products","image","jpg","1.keaa-assets/keaa-products/high-tensile-material-144-0.jpg","59","10525","false",""
"keaa-products/high-tensile-tube-393-0","approved","products","image","jpg","1.keaa-assets/keaa-products/high-tensile-tube-393-0.jpg","55","14578","false",""
"keaa-products/high-tensile-tube-393-1","approved","products","image","jpg","1.keaa-assets/keaa-products/high-tensile-tube-393-1.jpg","55","14457","false",""
"keaa-products/hinge-clamp-128-0","approved","products","image","jpg","1.keaa-assets/keaa-products/hinge-clamp-128-0.jpg","49","14872","false",""
"keaa-products/hygiene-gloves-294-0","approved","products","image","jpg","1.keaa-assets/keaa-products/hygiene-gloves-294-0.jpg","52","23622","false",""
"keaa-products/i-type-post-support-328-0","approved","products","image","jpg","1.keaa-assets/keaa-products/i-type-post-support-328-0.jpg","57","13938","false",""
"keaa-products/i-type-post-support-328-1","approved","products","image","jpg","1.keaa-assets/keaa-products/i-type-post-support-328-1.jpg","57","12885","false",""
"keaa-products/i-type-post-support-328-2","approved","products","image","jpg","1.keaa-assets/keaa-products/i-type-post-support-328-2.jpg","57","11151","false",""
"keaa-products/imperial-gates-291-0","approved","products","image","jpg","1.keaa-assets/keaa-products/imperial-gates-291-0.jpg","52","14352","false",""
"keaa-products/inserted-railing-post-planks-212-0","approved","products","image","jpg","1.keaa-assets/keaa-products/inserted-railing-post-planks-212-0.jpg","66","9491","false",""
"keaa-products/jack-nut-casted-286-0","approved","products","image","jpg","1.keaa-assets/keaa-products/jack-nut-casted-286-0.jpg","53","8973","false",""
"keaa-products/jack-nut-casted-288-0","approved","products","image","jpg","1.keaa-assets/keaa-products/jack-nut-casted-288-0.jpg","53","10033","false",""
"keaa-products/jack-nut-forged-285-0","approved","products","image","jpg","1.keaa-assets/keaa-products/jack-nut-forged-285-0.jpg","53","8281","false",""
"keaa-products/jack-nut-forged-287-0","approved","products","image","jpg","1.keaa-assets/keaa-products/jack-nut-forged-287-0.jpg","53","9788","false",""
"keaa-products/joiner-99-0","approved","products","image","jpg","1.keaa-assets/keaa-products/joiner-99-0.jpg","43","10544","false",""
"keaa-products/joist-hangers-type-a-315-0","approved","products","image","jpg","1.keaa-assets/keaa-products/joist-hangers-type-a-315-0.jpg","58","16742","false",""
"keaa-products/joist-hangers-type-a-315-1","approved","products","image","jpg","1.keaa-assets/keaa-products/joist-hangers-type-a-315-1.jpg","58","13565","false",""
"keaa-products/joist-hangers-type-a-315-2","approved","products","image","jpg","1.keaa-assets/keaa-products/joist-hangers-type-a-315-2.jpg","58","13273","false",""
"keaa-products/joist-hangers-type-b-316-0","approved","products","image","jpg","1.keaa-assets/keaa-products/joist-hangers-type-b-316-0.jpg","58","18620","false",""
"keaa-products/joist-hangers-type-b-316-1","approved","products","image","jpg","1.keaa-assets/keaa-products/joist-hangers-type-b-316-1.jpg","58","11715","false",""
"keaa-products/joist-hangers-type-b-316-2","approved","products","image","jpg","1.keaa-assets/keaa-products/joist-hangers-type-b-316-2.jpg","58","13172","false",""
"keaa-products/joist-hangers-type-c-317-0","approved","products","image","jpg","1.keaa-assets/keaa-products/joist-hangers-type-c-317-0.jpg","58","15481","false",""
"keaa-products/joist-hangers-type-c-317-1","approved","products","image","jpg","1.keaa-assets/keaa-products/joist-hangers-type-c-317-1.jpg","58","11450","false",""
"keaa-products/l-post-clamp-68-0","approved","products","image","jpg","1.keaa-assets/keaa-products/l-post-clamp-68-0.jpg","49","14718","false",""
"keaa-products/l-type-post-supports-322-0","approved","products","image","jpg","1.keaa-assets/keaa-products/l-type-post-supports-322-0.jpg","58","14028","false",""
"keaa-products/l-type-post-supports-322-1","approved","products","image","jpg","1.keaa-assets/keaa-products/l-type-post-supports-322-1.jpg","58","10584","false",""
"keaa-products/l-type-post-supports-322-2","approved","products","image","jpg","1.keaa-assets/keaa-products/l-type-post-supports-322-2.jpg","58","10789","false",""
"keaa-products/l-type-post-supports-327-0","approved","products","image","jpg","1.keaa-assets/keaa-products/l-type-post-supports-327-0.jpg","58","12801","false",""
"keaa-products/l-type-post-supports-327-1","approved","products","image","jpg","1.keaa-assets/keaa-products/l-type-post-supports-327-1.jpg","58","12573","false",""
"keaa-products/l-type-post-supports-327-2","approved","products","image","jpg","1.keaa-assets/keaa-products/l-type-post-supports-327-2.jpg","58","11653","false",""
"keaa-products/ladder-frame-371-0","approved","products","image","jpg","1.keaa-assets/keaa-products/ladder-frame-371-0.jpg","50","12758","false",""
"keaa-products/lamb-jackets-298-0","approved","products","image","jpg","1.keaa-assets/keaa-products/lamb-jackets-298-0.jpg","50","28801","false",""
"keaa-products/lattice-girder-16-0","approved","products","image","jpg","1.keaa-assets/keaa-products/lattice-girder-16-0.jpg","51","20208","false",""
"keaa-products/ledger-17-0","approved","products","image","jpg","1.keaa-assets/keaa-products/ledger-17-0.jpg","43","17434","false",""
"keaa-products/ledger-17-1","approved","products","image","jpg","1.keaa-assets/keaa-products/ledger-17-1.jpg","43","12480","false",""
"keaa-products/ledger-24-0","approved","products","image","jpg","1.keaa-assets/keaa-products/ledger-24-0.jpg","43","11466","false",""
"keaa-products/ledger-24-1","approved","products","image","jpg","1.keaa-assets/keaa-products/ledger-24-1.jpg","43","11927","false",""
"keaa-products/ledger-blade-277-0","approved","products","image","jpg","1.keaa-assets/keaa-products/ledger-blade-277-0.jpg","50","10536","false",""
"keaa-products/light-duty-props-10-kn-135-0","approved","products","image","jpg","1.keaa-assets/keaa-products/light-duty-props-10-kn-135-0.jpg","60","16687","false",""
"keaa-products/log-holder-big-366-0","approved","products","image","jpg","1.keaa-assets/keaa-products/log-holder-big-366-0.jpg","52","9756","false",""
"keaa-products/log-holder-big-366-1","approved","products","image","jpg","1.keaa-assets/keaa-products/log-holder-big-366-1.jpg","52","8749","false",""
"keaa-products/log-holder-small-365-0","approved","products","image","jpg","1.keaa-assets/keaa-products/log-holder-small-365-0.jpg","54","17953","false",""
"keaa-products/log-holder-small-365-1","approved","products","image","jpg","1.keaa-assets/keaa-products/log-holder-small-365-1.jpg","54","13684","false",""
"keaa-products/manure-srapper-296-0","approved","products","image","jpg","1.keaa-assets/keaa-products/manure-srapper-296-0.jpg","52","16073","false",""
"keaa-products/mason-frame-or-step-frame-369-0","approved","products","image","jpg","1.keaa-assets/keaa-products/mason-frame-or-step-frame-369-0.jpg","63","12129","false",""
"keaa-products/multipurpose-cubicle-divider-39-0","approved","products","image","jpg","1.keaa-assets/keaa-products/multipurpose-cubicle-divider-39-0.jpg","65","13797","false",""
"keaa-products/multipurpose-cubicle-divider-39-1","approved","products","image","jpg","1.keaa-assets/keaa-products/multipurpose-cubicle-divider-39-1.jpg","65","17913","false",""
"keaa-products/multipurpose-plus-cubicle-divider-36-0","approved","products","image","jpg","1.keaa-assets/keaa-products/multipurpose-plus-cubicle-divider-36-0.jpg","70","13702","false",""
"keaa-products/multipurpose-plus-cubicle-divider-36-1","approved","products","image","jpg","1.keaa-assets/keaa-products/multipurpose-plus-cubicle-divider-36-1.jpg","70","19607","false",""
"keaa-products/multipurpose-plus-cubicle-divider-36-2","approved","products","image","jpg","1.keaa-assets/keaa-products/multipurpose-plus-cubicle-divider-36-2.jpg","70","16804","false",""
"keaa-products/neck-rail-clamp-with-12-holes-56-0","approved","products","image","jpg","1.keaa-assets/keaa-products/neck-rail-clamp-with-12-holes-56-0.jpg","66","12228","false",""
"keaa-products/neck-rail-clamp-with-hex-bolts-57-0","approved","products","image","jpg","1.keaa-assets/keaa-products/neck-rail-clamp-with-hex-bolts-57-0.jpg","67","15002","false",""
"keaa-products/neck-rail-clamp-with-long-plate-55-0","approved","products","image","jpg","1.keaa-assets/keaa-products/neck-rail-clamp-with-long-plate-55-0.jpg","68","12258","false",""
"keaa-products/neck-rail-support-clamp-59-0","approved","products","image","jpg","1.keaa-assets/keaa-products/neck-rail-support-clamp-59-0.jpg","60","12749","false",""
"keaa-products/non-return-gate-98-0","approved","products","image","jpg","1.keaa-assets/keaa-products/non-return-gate-98-0.jpg","52","12726","false",""
"keaa-products/nut-sw-22-395-0","approved","products","image","jpg","1.keaa-assets/keaa-products/nut-sw-22-395-0.jpg","47","10169","false",""
"keaa-products/nut-sw19-394-0","approved","products","image","jpg","1.keaa-assets/keaa-products/nut-sw19-394-0.jpg","46","11395","false",""
"keaa-products/pasture-cubicle-divider-37-0","approved","products","image","png","1.keaa-assets/keaa-products/pasture-cubicle-divider-37-0.png","60","91057","false",""
"keaa-products/pasture-cubicle-divider-37-1","approved","products","image","jpg","1.keaa-assets/keaa-products/pasture-cubicle-divider-37-1.jpg","60","18372","false",""
"keaa-products/perforated-plates-type-a-319-0","approved","products","image","jpg","1.keaa-assets/keaa-products/perforated-plates-type-a-319-0.jpg","62","17244","false",""
"keaa-products/perforated-plates-type-a-319-1","approved","products","image","jpg","1.keaa-assets/keaa-products/perforated-plates-type-a-319-1.jpg","62","12506","false",""
"keaa-products/perforated-plates-type-a-319-2","approved","products","image","jpg","1.keaa-assets/keaa-products/perforated-plates-type-a-319-2.jpg","62","14831","false",""
"keaa-products/perforated-plates-type-b-320-0","approved","products","image","jpg","1.keaa-assets/keaa-products/perforated-plates-type-b-320-0.jpg","62","15342","false",""
"keaa-products/perforated-plates-type-b-320-1","approved","products","image","jpg","1.keaa-assets/keaa-products/perforated-plates-type-b-320-1.jpg","62","12051","false",""
"keaa-products/perforated-plates-type-b-320-2","approved","products","image","jpg","1.keaa-assets/keaa-products/perforated-plates-type-b-320-2.jpg","62","11314","false",""
"keaa-products/perforated-strips-318-0","approved","products","image","jpg","1.keaa-assets/keaa-products/perforated-strips-318-0.jpg","55","18689","false",""
"keaa-products/pig-tall-pin-378-0","approved","products","image","jpg","1.keaa-assets/keaa-products/pig-tall-pin-378-0.jpg","50","12009","false",""
"keaa-products/pin-for-sleeve-coupler-196-0","approved","products","image","jpg","1.keaa-assets/keaa-products/pin-for-sleeve-coupler-196-0.jpg","60","8830","false",""
"keaa-products/pipe-clamp-2-rotation-part-1-84-0","approved","products","image","jpg","1.keaa-assets/keaa-products/pipe-clamp-2-rotation-part-1-84-0.jpg","65","12602","false",""
"keaa-products/pipe-clamp-2-rotation-part-2-85-0","approved","products","image","jpg","1.keaa-assets/keaa-products/pipe-clamp-2-rotation-part-2-85-0.jpg","65","15193","false",""
"keaa-products/pipe-clamp-2-with-1-tabs-79-0","approved","products","image","jpg","1.keaa-assets/keaa-products/pipe-clamp-2-with-1-tabs-79-0.jpg","61","15152","false",""
"keaa-products/pipe-clamp-2-with-2-tabs-180-81-0","approved","products","image","jpg","1.keaa-assets/keaa-products/pipe-clamp-2-with-2-tabs-180-81-0.jpg","65","14436","false",""
"keaa-products/pipe-clamp-2-with-2-tabs-90-80-0","approved","products","image","jpg","1.keaa-assets/keaa-products/pipe-clamp-2-with-2-tabs-90-80-0.jpg","64","13946","false",""
"keaa-products/pipe-clamp-2-with-3-tabs-82-0","approved","products","image","jpg","1.keaa-assets/keaa-products/pipe-clamp-2-with-3-tabs-82-0.jpg","61","13863","false",""
"keaa-products/pipe-clamp-2-with-4-tabs-83-0","approved","products","image","jpg","1.keaa-assets/keaa-products/pipe-clamp-2-with-4-tabs-83-0.jpg","61","13177","false",""
"keaa-products/pole-anchors-bolt-type-356-0","approved","products","image","jpg","1.keaa-assets/keaa-products/pole-anchors-bolt-type-356-0.jpg","60","12335","false",""
"keaa-products/pole-anchors-bolt-type-356-1","approved","products","image","jpg","1.keaa-assets/keaa-products/pole-anchors-bolt-type-356-1.jpg","60","10262","false",""
"keaa-products/pole-anchors-for-concrete-349-0","approved","products","image","jpg","1.keaa-assets/keaa-products/pole-anchors-for-concrete-349-0.jpg","63","12939","false",""
"keaa-products/pole-anchors-for-concrete-349-1","approved","products","image","jpg","1.keaa-assets/keaa-products/pole-anchors-for-concrete-349-1.jpg","63","10030","false",""
"keaa-products/pole-anchors-for-round-post-348-0","approved","products","image","jpg","1.keaa-assets/keaa-products/pole-anchors-for-round-post-348-0.jpg","65","11394","false",""
"keaa-products/pole-anchors-for-round-post-348-1","approved","products","image","jpg","1.keaa-assets/keaa-products/pole-anchors-for-round-post-348-1.jpg","65","9523","false",""
"keaa-products/pole-anchors-for-square-post-347-0","approved","products","image","jpg","1.keaa-assets/keaa-products/pole-anchors-for-square-post-347-0.jpg","66","12393","false",""
"keaa-products/pole-anchors-for-square-post-347-1","approved","products","image","jpg","1.keaa-assets/keaa-products/pole-anchors-for-square-post-347-1.jpg","66","10454","false",""
"keaa-products/pole-anchors-wedge-grip-357-0","approved","products","image","jpg","1.keaa-assets/keaa-products/pole-anchors-wedge-grip-357-0.jpg","61","11989","false",""
"keaa-products/pole-anchors-wedge-grip-357-1","approved","products","image","jpg","1.keaa-assets/keaa-products/pole-anchors-wedge-grip-357-1.jpg","61","10066","false",""
"keaa-products/post-caps-ball-361-0","approved","products","image","jpg","1.keaa-assets/keaa-products/post-caps-ball-361-0.jpg","52","17354","false",""
"keaa-products/post-caps-ball-361-1","approved","products","image","jpg","1.keaa-assets/keaa-products/post-caps-ball-361-1.jpg","52","12614","false",""
"keaa-products/post-caps-ball-361-2","approved","products","image","jpg","1.keaa-assets/keaa-products/post-caps-ball-361-2.jpg","52","10753","false",""
"keaa-products/post-caps-pyramid-360-0","approved","products","image","jpg","1.keaa-assets/keaa-products/post-caps-pyramid-360-0.jpg","55","14128","false",""
"keaa-products/post-caps-pyramid-360-1","approved","products","image","jpg","1.keaa-assets/keaa-products/post-caps-pyramid-360-1.jpg","55","11604","false",""
"keaa-products/post-caps-pyramid-360-2","approved","products","image","jpg","1.keaa-assets/keaa-products/post-caps-pyramid-360-2.jpg","55","10665","false",""
"keaa-products/post-caps-with-ss-nail-362-0","approved","products","image","jpg","1.keaa-assets/keaa-products/post-caps-with-ss-nail-362-0.jpg","60","13281","false",""
"keaa-products/post-caps-with-ss-nail-362-1","approved","products","image","jpg","1.keaa-assets/keaa-products/post-caps-with-ss-nail-362-1.jpg","60","10267","false",""
"keaa-products/post-caps-with-ss-nail-362-2","approved","products","image","jpg","1.keaa-assets/keaa-products/post-caps-with-ss-nail-362-2.jpg","60","12847","false",""
"keaa-products/post-clamp-with-2-tabs-and-chain-76-0","approved","products","image","jpg","1.keaa-assets/keaa-products/post-clamp-with-2-tabs-and-chain-76-0.jpg","69","15294","false",""
"keaa-products/post-gate-hanger-with-washer-115-0","approved","products","image","jpg","1.keaa-assets/keaa-products/post-gate-hanger-with-washer-115-0.jpg","66","13022","false",""
"keaa-products/post-gate-hanger-without-washer-116-0","approved","products","image","jpg","1.keaa-assets/keaa-products/post-gate-hanger-without-washer-116-0.jpg","69","13022","false",""
"keaa-products/post-mount-angle-top-bracket-73-0","approved","products","image","jpg","1.keaa-assets/keaa-products/post-mount-angle-top-bracket-73-0.jpg","65","14718","false",""
"keaa-products/post-mount-bottom-bracket-75-0","approved","products","image","jpg","1.keaa-assets/keaa-products/post-mount-bottom-bracket-75-0.jpg","62","9518","false",""
"keaa-products/post-mount-flat-top-bracket-74-0","approved","products","image","jpg","1.keaa-assets/keaa-products/post-mount-flat-top-bracket-74-0.jpg","64","14718","false",""
"keaa-products/post-support-344-0","approved","products","image","jpg","1.keaa-assets/keaa-products/post-support-344-0.jpg","50","11046","false",""
"keaa-products/post-support-344-1","approved","products","image","jpg","1.keaa-assets/keaa-products/post-support-344-1.jpg","50","11043","false",""
"keaa-products/post-with-plate-290-0","approved","products","image","jpg","1.keaa-assets/keaa-products/post-with-plate-290-0.jpg","53","9519","false",""
"keaa-products/props-en-1065-class-bd-386-0","approved","products","image","jpg","1.keaa-assets/keaa-products/props-en-1065-class-bd-386-0.jpg","60","13866","false",""
"keaa-products/props-en-1065-class-bd-386-1","approved","products","image","jpg","1.keaa-assets/keaa-products/props-en-1065-class-bd-386-1.jpg","60","8121","false",""
"keaa-products/props-en-1065-class-bd-386-2","approved","products","image","jpg","1.keaa-assets/keaa-products/props-en-1065-class-bd-386-2.jpg","60","11804","false",""
"keaa-products/props-heavy-duty-special-size-34-0","approved","products","image","jpg","1.keaa-assets/keaa-products/props-heavy-duty-special-size-34-0.jpg","66","15820","false",""
"keaa-products/props-heavy-duty-special-size-34-1","approved","products","image","jpg","1.keaa-assets/keaa-products/props-heavy-duty-special-size-34-1.jpg","66","8559","false",""
"keaa-products/props-load-tested-for-20-kn-33-0","approved","products","image","jpg","1.keaa-assets/keaa-products/props-load-tested-for-20-kn-33-0.jpg","64","21320","false",""
"keaa-products/props-load-tested-for-20-kn-33-1","approved","products","image","jpg","1.keaa-assets/keaa-products/props-load-tested-for-20-kn-33-1.jpg","64","7420","false",""
"keaa-products/props-load-tested-for-20-kn-33-2","approved","products","image","jpg","1.keaa-assets/keaa-products/props-load-tested-for-20-kn-33-2.jpg","64","16024","false",""
"keaa-products/purlin-anchors-313-0","approved","products","image","jpg","1.keaa-assets/keaa-products/purlin-anchors-313-0.jpg","52","15457","false",""
"keaa-products/purlin-anchors-313-1","approved","products","image","jpg","1.keaa-assets/keaa-products/purlin-anchors-313-1.jpg","52","13824","false",""
"keaa-products/purlin-anchors-313-2","approved","products","image","jpg","1.keaa-assets/keaa-products/purlin-anchors-313-2.jpg","52","11503","false",""
"keaa-products/purlin-anchors-314-0","approved","products","image","jpg","1.keaa-assets/keaa-products/purlin-anchors-314-0.jpg","52","13273","false",""
"keaa-products/purlin-anchors-314-1","approved","products","image","jpg","1.keaa-assets/keaa-products/purlin-anchors-314-1.jpg","52","13038","false",""
"keaa-products/purlin-anchors-314-2","approved","products","image","jpg","1.keaa-assets/keaa-products/purlin-anchors-314-2.jpg","52","9951","false",""
"keaa-products/push-pull-props-136-0","approved","products","image","jpg","1.keaa-assets/keaa-products/push-pull-props-136-0.jpg","53","15599","false",""
"keaa-products/push-pull-props-136-1","approved","products","image","jpg","1.keaa-assets/keaa-products/push-pull-props-136-1.jpg","53","8447","false",""
"keaa-products/reinforced-props-134-0","approved","products","image","jpg","1.keaa-assets/keaa-products/reinforced-props-134-0.jpg","54","22985","false",""
"keaa-products/reinforced-props-134-1","approved","products","image","jpg","1.keaa-assets/keaa-products/reinforced-props-134-1.jpg","54","11609","false",""
"keaa-products/reinforced-props-134-2","approved","products","image","jpg","1.keaa-assets/keaa-products/reinforced-props-134-2.jpg","54","10695","false",""
"keaa-products/reinforced-props-134-3","approved","products","image","jpg","1.keaa-assets/keaa-products/reinforced-props-134-3.jpg","54","7625","false",""
"keaa-products/right-angle-coupler-182-0","approved","products","image","jpg","1.keaa-assets/keaa-products/right-angle-coupler-182-0.jpg","57","14751","false",""
"keaa-products/right-angle-coupler-198-0","approved","products","image","jpg","1.keaa-assets/keaa-products/right-angle-coupler-198-0.jpg","57","10176","false",""
"keaa-products/right-angle-coupler-201-0","approved","products","image","jpg","1.keaa-assets/keaa-products/right-angle-coupler-201-0.jpg","57","13205","false",""
"keaa-products/ringlock-diagonal-brace-12-0","approved","products","image","jpg","1.keaa-assets/keaa-products/ringlock-diagonal-brace-12-0.jpg","60","22004","false",""
"keaa-products/ringlock-ledger-11-0","approved","products","image","jpg","1.keaa-assets/keaa-products/ringlock-ledger-11-0.jpg","52","14461","false",""
"keaa-products/ringlock-standard-13-0","approved","products","image","jpg","1.keaa-assets/keaa-products/ringlock-standard-13-0.jpg","54","20800","false",""
"keaa-products/ringlock-tower-281-1","approved","products","image","jpg","1.keaa-assets/keaa-products/ringlock-tower-281-1.jpg","52","11335","false",""
"keaa-products/ringlock-tower-281-2","approved","products","image","jpg","1.keaa-assets/keaa-products/ringlock-tower-281-2.jpg","52","12066","false",""
"keaa-products/ringlock-tower-281-3","approved","products","image","jpg","1.keaa-assets/keaa-products/ringlock-tower-281-3.jpg","52","16599","false",""
"keaa-products/ringlock-tower-281-4","approved","products","image","jpg","1.keaa-assets/keaa-products/ringlock-tower-281-4.jpg","52","17315","false",""
"keaa-products/ringlock-tower-281-5","approved","products","image","jpg","1.keaa-assets/keaa-products/ringlock-tower-281-5.jpg","52","19447","false",""
"keaa-products/ringlock-tower-281-6","approved","products","image","jpg","1.keaa-assets/keaa-products/ringlock-tower-281-6.jpg","52","18760","false",""
"keaa-products/rivet-pin-373-0","approved","products","image","jpg","1.keaa-assets/keaa-products/rivet-pin-373-0.jpg","47","11237","false",""
"keaa-products/road-barrier-222-0","approved","products","image","jpg","1.keaa-assets/keaa-products/road-barrier-222-0.jpg","50","16970","false",""
"keaa-products/roll-pin-374-0","approved","products","image","jpg","1.keaa-assets/keaa-products/roll-pin-374-0.jpg","46","12485","false",""
"keaa-products/rosette-coupler-197-0","approved","products","image","jpg","1.keaa-assets/keaa-products/rosette-coupler-197-0.jpg","53","17314","false",""
"keaa-products/rotatable-pole-anchors-for-square-post-353-0","approved","products","image","jpg","1.keaa-assets/keaa-products/rotatable-pole-anchors-for-square-post-353-0.jpg","76","10931","false",""
"keaa-products/rotatable-pole-anchors-for-square-post-353-1","approved","products","image","jpg","1.keaa-assets/keaa-products/rotatable-pole-anchors-for-square-post-353-1.jpg","76","9764","false",""
"keaa-products/round-feeders-94-0","approved","products","image","jpg","1.keaa-assets/keaa-products/round-feeders-94-0.jpg","50","21388","false",""
"keaa-products/round-feeders-for-cows-46-0","approved","products","image","jpg","1.keaa-assets/keaa-products/round-feeders-for-cows-46-0.jpg","59","16921","false",""
"keaa-products/round-hay-feeders-300-0","approved","products","image","jpg","1.keaa-assets/keaa-products/round-hay-feeders-300-0.jpg","55","15506","false",""
"keaa-products/round-hay-feeders-300-1","approved","products","image","jpg","1.keaa-assets/keaa-products/round-hay-feeders-300-1.jpg","55","20923","false",""
"keaa-products/scaffold-frames-274-0","approved","products","image","jpg","1.keaa-assets/keaa-products/scaffold-frames-274-0.jpg","53","10267","false",""
"keaa-products/scaffold-frames-274-1","approved","products","image","jpg","1.keaa-assets/keaa-products/scaffold-frames-274-1.jpg","53","7909","false",""
"keaa-products/scaffold-frames-274-2","approved","products","image","jpg","1.keaa-assets/keaa-products/scaffold-frames-274-2.jpg","53","11839","false",""
"keaa-products/scaffold-frames-274-3","approved","products","image","jpg","1.keaa-assets/keaa-products/scaffold-frames-274-3.jpg","53","12764","false",""
"keaa-products/self-lock-safety-barriers-41-0","approved","products","image","jpg","1.keaa-assets/keaa-products/self-lock-safety-barriers-41-0.jpg","62","21665","false",""
"keaa-products/sheep-headlocks-89-0","approved","products","image","jpg","1.keaa-assets/keaa-products/sheep-headlocks-89-0.jpg","52","18432","false",""
"keaa-products/sheep-panels-interlocking-87-0","approved","products","image","jpg","1.keaa-assets/keaa-products/sheep-panels-interlocking-87-0.jpg","62","28300","false",""
"keaa-products/sheep-panels-pin-drop-88-0","approved","products","image","jpg","1.keaa-assets/keaa-products/sheep-panels-pin-drop-88-0.jpg","58","29397","false",""
"keaa-products/sheep-race-96-0","approved","products","image","jpg","1.keaa-assets/keaa-products/sheep-race-96-0.jpg","47","19950","false",""
"keaa-products/side-bracket-25-0","approved","products","image","jpg","1.keaa-assets/keaa-products/side-bracket-25-0.jpg","49","11455","false",""
"keaa-products/single-anchor-402-0","approved","products","image","jpg","1.keaa-assets/keaa-products/single-anchor-402-0.jpg","51","10936","false",""
"keaa-products/single-head-clamp-51-0","approved","products","image","jpg","1.keaa-assets/keaa-products/single-head-clamp-51-0.jpg","54","10589","false",""
"keaa-products/single-mounting-bracket-for-cubicle-divider-61-0","approved","products","image","jpg","1.keaa-assets/keaa-products/single-mounting-bracket-for-cubicle-divider-61-0.jpg","80","9082","false",""
"keaa-products/single-tube-transom-high-or-high-reinforced-22-0","approved","products","image","jpg","1.keaa-assets/keaa-products/single-tube-transom-high-or-high-reinforced-22-0.jpg","80","18469","false",""
"keaa-products/single-tube-transom-high-or-high-reinforced-22-1","approved","products","image","jpg","1.keaa-assets/keaa-products/single-tube-transom-high-or-high-reinforced-22-1.jpg","80","11019","false",""
"keaa-products/single-tube-transom-low-21-0","approved","products","image","jpg","1.keaa-assets/keaa-products/single-tube-transom-low-21-0.jpg","60","25520","false",""
"keaa-products/single-tube-transom-low-21-1","approved","products","image","jpg","1.keaa-assets/keaa-products/single-tube-transom-low-21-1.jpg","60","11128","false",""
"keaa-products/single-tube-transom-low-21-2","approved","products","image","jpg","1.keaa-assets/keaa-products/single-tube-transom-low-21-2.jpg","60","11902","false",""
"keaa-products/sleeve-coupler-forged-193-0","approved","products","image","jpg","1.keaa-assets/keaa-products/sleeve-coupler-forged-193-0.jpg","59","15602","false",""
"keaa-products/snap-on-lock-381-0","approved","products","image","jpg","1.keaa-assets/keaa-products/snap-on-lock-381-0.jpg","50","10703","false",""
"keaa-products/spaced-gate-hanger-106-0","approved","products","image","jpg","1.keaa-assets/keaa-products/spaced-gate-hanger-106-0.jpg","56","15605","false",""
"keaa-products/span-pin-376-0","approved","products","image","jpg","1.keaa-assets/keaa-products/span-pin-376-0.jpg","46","12054","false",""
"keaa-products/spiral-pole-anchor-for-round-post-352-0","approved","products","image","jpg","1.keaa-assets/keaa-products/spiral-pole-anchor-for-round-post-352-0.jpg","71","11199","false",""
"keaa-products/spiral-pole-anchor-for-round-post-352-1","approved","products","image","jpg","1.keaa-assets/keaa-products/spiral-pole-anchor-for-round-post-352-1.jpg","71","11802","false",""
"keaa-products/spiral-pole-anchor-for-round-post-352-2","approved","products","image","jpg","1.keaa-assets/keaa-products/spiral-pole-anchor-for-round-post-352-2.jpg","71","14248","false",""
"keaa-products/spiral-pole-anchors-for-square-post-350-0","approved","products","image","jpg","1.keaa-assets/keaa-products/spiral-pole-anchors-for-square-post-350-0.jpg","73","10416","false",""
"keaa-products/spiral-pole-anchors-for-square-post-350-1","approved","products","image","jpg","1.keaa-assets/keaa-products/spiral-pole-anchors-for-square-post-350-1.jpg","73","10038","false",""
"keaa-products/spring-pin-377-0","approved","products","image","jpg","1.keaa-assets/keaa-products/spring-pin-377-0.jpg","48","12019","false",""
"keaa-products/sq-pipe-u-bolt-clamp-60-0","approved","products","image","jpg","1.keaa-assets/keaa-products/sq-pipe-u-bolt-clamp-60-0.jpg","57","12801","false",""
"keaa-products/stair-case-step-273-0","approved","products","image","jpg","1.keaa-assets/keaa-products/stair-case-step-273-0.jpg","53","14820","false",""
"keaa-products/standard-prop-class-b-35-0","approved","products","image","jpg","1.keaa-assets/keaa-products/standard-prop-class-b-35-0.jpg","58","31254","false",""
"keaa-products/steel-cone-397-0","approved","products","image","jpg","1.keaa-assets/keaa-products/steel-cone-397-0.jpg","48","13713","false",""
"keaa-products/steel-plank-10-0","approved","products","image","jpg","1.keaa-assets/keaa-products/steel-plank-10-0.jpg","48","27649","false",""
"keaa-products/stud-gate-hanger-with-washer-111-0","approved","products","image","jpg","1.keaa-assets/keaa-products/stud-gate-hanger-with-washer-111-0.jpg","66","11181","false",""
"keaa-products/stud-gate-hanger-without-washer-112-0","approved","products","image","jpg","1.keaa-assets/keaa-products/stud-gate-hanger-without-washer-112-0.jpg","69","11181","false",""
"keaa-products/stud-type-l-gate-hanger-109-0","approved","products","image","jpg","1.keaa-assets/keaa-products/stud-type-l-gate-hanger-109-0.jpg","61","10904","false",""
"keaa-products/stud-type-l-gate-hanger-with-extra-leg-110-0","approved","products","image","jpg","1.keaa-assets/keaa-products/stud-type-l-gate-hanger-with-extra-leg-110-0.jpg","76","11325","false",""
"keaa-products/swivel-base-jack-heavy-duty-30-0","approved","products","image","jpg","1.keaa-assets/keaa-products/swivel-base-jack-heavy-duty-30-0.jpg","64","11939","false",""
"keaa-products/swivel-base-jack-light-duty-28-0","approved","products","image","jpg","1.keaa-assets/keaa-products/swivel-base-jack-light-duty-28-0.jpg","64","9696","false",""
"keaa-products/swivel-coupler-183-0","approved","products","image","jpg","1.keaa-assets/keaa-products/swivel-coupler-183-0.jpg","52","14562","false",""
"keaa-products/swivel-coupler-199-0","approved","products","image","jpg","1.keaa-assets/keaa-products/swivel-coupler-199-0.jpg","52","9263","false",""
"keaa-products/swivel-coupler-202-0","approved","products","image","jpg","1.keaa-assets/keaa-products/swivel-coupler-202-0.jpg","52","9263","false",""
"keaa-products/swivel-wing-nut-with-combination-plate-100mm-casted-162-0","approved","products","image","jpg","1.keaa-assets/keaa-products/swivel-wing-nut-with-combination-plate-100mm-casted-162-0.jpg","89","16774","false",""
"keaa-products/swivel-wing-nut-with-combination-plate-casted-160-0","approved","products","image","jpg","1.keaa-assets/keaa-products/swivel-wing-nut-with-combination-plate-casted-160-0.jpg","83","11406","false",""
"keaa-products/swivel-wing-nut-with-combination-plate-forged-161-0","approved","products","image","jpg","1.keaa-assets/keaa-products/swivel-wing-nut-with-combination-plate-forged-161-0.jpg","83","11410","false",""
"keaa-products/system-scaffolds-hk-19-0","approved","products","image","jpg","1.keaa-assets/keaa-products/system-scaffolds-hk-19-0.jpg","56","14558","false",""
"keaa-products/system-scaffolds-hk-19-1","approved","products","image","jpg","1.keaa-assets/keaa-products/system-scaffolds-hk-19-1.jpg","56","12557","false",""
"keaa-products/t-blade-post-supports-332-0","approved","products","image","jpg","1.keaa-assets/keaa-products/t-blade-post-supports-332-0.jpg","59","13792","false",""
"keaa-products/t-blade-post-supports-332-1","approved","products","image","jpg","1.keaa-assets/keaa-products/t-blade-post-supports-332-1.jpg","59","12493","false",""
"keaa-products/t-blade-post-supports-332-2","approved","products","image","jpg","1.keaa-assets/keaa-products/t-blade-post-supports-332-2.jpg","59","9824","false",""
"keaa-products/t-type-post-supports-329-0","approved","products","image","jpg","1.keaa-assets/keaa-products/t-type-post-supports-329-0.jpg","58","13051","false",""
"keaa-products/t-type-post-supports-329-1","approved","products","image","jpg","1.keaa-assets/keaa-products/t-type-post-supports-329-1.jpg","58","13005","false",""
"keaa-products/t-type-post-supports-329-2","approved","products","image","jpg","1.keaa-assets/keaa-products/t-type-post-supports-329-2.jpg","58","11308","false",""
"keaa-products/tekko-clip-forged-173-0","approved","products","image","jpg","1.keaa-assets/keaa-products/tekko-clip-forged-173-0.jpg","55","8743","false",""
"keaa-products/three-wing-anchor-nut-70mm-casted-157-0","approved","products","image","jpg","1.keaa-assets/keaa-products/three-wing-anchor-nut-70mm-casted-157-0.jpg","71","10390","false",""
"keaa-products/three-wing-anchor-nut-casted-158-0","approved","products","image","jpg","1.keaa-assets/keaa-products/three-wing-anchor-nut-casted-158-0.jpg","66","11726","false",""
"keaa-products/three-wing-anchor-nut-forged-159-0","approved","products","image","jpg","1.keaa-assets/keaa-products/three-wing-anchor-nut-forged-159-0.jpg","66","10952","false",""
"keaa-products/three-wing-nut-forged-164-0","approved","products","image","jpg","1.keaa-assets/keaa-products/three-wing-nut-forged-164-0.jpg","59","10806","false",""
"keaa-products/tie-rod-166-0","approved","products","image","jpg","1.keaa-assets/keaa-products/tie-rod-166-0.jpg","45","7823","false",""
"keaa-products/toe-board-272-0","approved","products","image","jpg","1.keaa-assets/keaa-products/toe-board-272-0.jpg","47","10567","false",""
"keaa-products/top-cup-276-0","approved","products","image","jpg","1.keaa-assets/keaa-products/top-cup-276-0.jpg","45","9736","false",""
"keaa-products/training-headlocks-45-0","approved","products","image","jpg","1.keaa-assets/keaa-products/training-headlocks-45-0.jpg","55","22478","false",""
"keaa-products/treatment-shut-49-0","approved","products","image","jpg","1.keaa-assets/keaa-products/treatment-shut-49-0.jpg","51","22129","false",""
"keaa-products/trestle-223-0","approved","products","image","jpg","1.keaa-assets/keaa-products/trestle-223-0.jpg","45","12268","false",""
"keaa-products/trestle-light-duty-model-221-0","approved","products","image","jpg","1.keaa-assets/keaa-products/trestle-light-duty-model-221-0.jpg","62","15225","false",""
"keaa-products/trestle-light-duty-model-221-1","approved","products","image","jpg","1.keaa-assets/keaa-products/trestle-light-duty-model-221-1.jpg","62","14962","false",""
"keaa-products/tripod-25-light-duty-147-0","approved","products","image","jpg","1.keaa-assets/keaa-products/tripod-25-light-duty-147-0.jpg","58","9974","false",""
"keaa-products/tripod-27light-duty-148-0","approved","products","image","jpg","1.keaa-assets/keaa-products/tripod-27light-duty-148-0.jpg","57","10582","false",""
"keaa-products/tripod-fixed-type-153-0","approved","products","image","jpg","1.keaa-assets/keaa-products/tripod-fixed-type-153-0.jpg","55","13978","false",""
"keaa-products/tripod-heavy-duty-150-0","approved","products","image","jpg","1.keaa-assets/keaa-products/tripod-heavy-duty-150-0.jpg","55","12373","false",""
"keaa-products/tripod-medium-duty-149-0","approved","products","image","jpg","1.keaa-assets/keaa-products/tripod-medium-duty-149-0.jpg","56","11666","false",""
"keaa-products/tripod-square-tube-medium-duty-151-0","approved","products","image","jpg","1.keaa-assets/keaa-products/tripod-square-tube-medium-duty-151-0.jpg","68","11623","false",""
"keaa-products/tripod-universal-model-152-0","approved","products","image","jpg","1.keaa-assets/keaa-products/tripod-universal-model-152-0.jpg","60","10683","false",""
"keaa-products/truss-ledger-278-0","approved","products","image","jpg","1.keaa-assets/keaa-products/truss-ledger-278-0.jpg","50","9381","false",""
"keaa-products/tube-clamp-with-plate-69-0","approved","products","image","jpg","1.keaa-assets/keaa-products/tube-clamp-with-plate-69-0.jpg","58","10706","false",""
"keaa-products/tube-connector-66-0","approved","products","image","jpg","1.keaa-assets/keaa-products/tube-connector-66-0.jpg","51","11372","false",""
"keaa-products/tube-plate-clamp-65-0","approved","products","image","jpg","1.keaa-assets/keaa-products/tube-plate-clamp-65-0.jpg","53","13568","false",""
"keaa-products/tube-wall-support-clamp-86-0","approved","products","image","jpg","1.keaa-assets/keaa-products/tube-wall-support-clamp-86-0.jpg","60","15152","false",""
"keaa-products/two-wing-anchor-nut-100mm-casted-156-0","approved","products","image","jpg","1.keaa-assets/keaa-products/two-wing-anchor-nut-100mm-casted-156-0.jpg","70","11345","false",""
"keaa-products/two-wing-nut-forged-155-0","approved","products","image","jpg","1.keaa-assets/keaa-products/two-wing-nut-forged-155-0.jpg","57","11063","false",""
"keaa-products/u-bolt-clamp-with-2-slots-and-2-holes-58-0","approved","products","image","jpg","1.keaa-assets/keaa-products/u-bolt-clamp-with-2-slots-and-2-holes-58-0.jpg","74","13587","false",""
"keaa-products/u-bolts-67-0","approved","products","image","jpg","1.keaa-assets/keaa-products/u-bolts-67-0.jpg","44","10668","false",""
"keaa-products/u-head-jack-145-0","approved","products","image","jpg","1.keaa-assets/keaa-products/u-head-jack-145-0.jpg","49","11707","false",""
"keaa-products/u-type-post-supports-324-0","approved","products","image","jpg","1.keaa-assets/keaa-products/u-type-post-supports-324-0.jpg","58","16000","false",""
"keaa-products/u-type-post-supports-324-1","approved","products","image","jpg","1.keaa-assets/keaa-products/u-type-post-supports-324-1.jpg","58","12285","false",""
"keaa-products/u-type-post-supports-324-2","approved","products","image","jpg","1.keaa-assets/keaa-products/u-type-post-supports-324-2.jpg","58","13458","false",""
"keaa-products/u-type-post-supports-331-0","approved","products","image","jpg","1.keaa-assets/keaa-products/u-type-post-supports-331-0.jpg","58","12612","false",""
"keaa-products/u-type-post-supports-331-1","approved","products","image","jpg","1.keaa-assets/keaa-products/u-type-post-supports-331-1.jpg","58","12679","false",""
"keaa-products/u-type-post-supports-331-2","approved","products","image","jpg","1.keaa-assets/keaa-products/u-type-post-supports-331-2.jpg","58","10415","false",""
"keaa-products/u-type-post-supports-with-base-plate-325-0","approved","products","image","jpg","1.keaa-assets/keaa-products/u-type-post-supports-with-base-plate-325-0.jpg","74","15072","false",""
"keaa-products/u-type-post-supports-with-base-plate-325-1","approved","products","image","jpg","1.keaa-assets/keaa-products/u-type-post-supports-with-base-plate-325-1.jpg","74","12256","false",""
"keaa-products/u-type-post-supports-with-base-plate-325-2","approved","products","image","jpg","1.keaa-assets/keaa-products/u-type-post-supports-with-base-plate-325-2.jpg","74","11207","false",""
"keaa-products/universal-connectors-312-0","approved","products","image","jpg","1.keaa-assets/keaa-products/universal-connectors-312-0.jpg","58","17715","false",""
"keaa-products/universal-connectors-312-1","approved","products","image","jpg","1.keaa-assets/keaa-products/universal-connectors-312-1.jpg","58","16910","false",""
"keaa-products/universal-connectors-312-2","approved","products","image","jpg","1.keaa-assets/keaa-products/universal-connectors-312-2.jpg","58","12309","false",""
"keaa-products/v-brace-8-0","approved","products","image","jpg","1.keaa-assets/keaa-products/v-brace-8-0.jpg","43","10588","false",""
"keaa-products/v-lock-383-0","approved","products","image","jpg","1.keaa-assets/keaa-products/v-lock-383-0.jpg","44","11917","false",""
"keaa-products/veterniary-gloves-295-0","approved","products","image","jpg","1.keaa-assets/keaa-products/veterniary-gloves-295-0.jpg","55","14802","false",""
"keaa-products/walk-through-frame-370-0","approved","products","image","jpg","1.keaa-assets/keaa-products/walk-through-frame-370-0.jpg","56","16007","false",""
"keaa-products/wall-gate-hanger-with-washer-117-0","approved","products","image","jpg","1.keaa-assets/keaa-products/wall-gate-hanger-with-washer-117-0.jpg","66","13695","false",""
"keaa-products/wall-gate-hanger-without-washer-118-0","approved","products","image","jpg","1.keaa-assets/keaa-products/wall-gate-hanger-without-washer-118-0.jpg","69","13695","false",""
"keaa-products/wall-mount-angle-top-bracket-70-0","approved","products","image","jpg","1.keaa-assets/keaa-products/wall-mount-angle-top-bracket-70-0.jpg","65","11402","false",""
"keaa-products/wall-mount-bottom-bracket-71-0","approved","products","image","jpg","1.keaa-assets/keaa-products/wall-mount-bottom-bracket-71-0.jpg","62","11844","false",""
"keaa-products/wall-mount-flat-top-bracket-72-0","approved","products","image","jpg","1.keaa-assets/keaa-products/wall-mount-flat-top-bracket-72-0.jpg","64","11844","false",""
"keaa-products/wall-mount-flat-top-bracket-72-1","approved","products","image","jpg","1.keaa-assets/keaa-products/wall-mount-flat-top-bracket-72-1.jpg","64","11907","false",""
"keaa-products/wall-tie-271-0","approved","products","image","jpg","1.keaa-assets/keaa-products/wall-tie-271-0.jpg","46","7388","false",""
"keaa-products/wall-tie-31-0","approved","products","image","jpg","1.keaa-assets/keaa-products/wall-tie-31-0.jpg","45","17569","false",""
"keaa-products/wall-tie-31-1","approved","products","image","jpg","1.keaa-assets/keaa-products/wall-tie-31-1.jpg","45","11975","false",""
"keaa-products/wall-tie-31-2","approved","products","image","jpg","1.keaa-assets/keaa-products/wall-tie-31-2.jpg","45","12888","false",""
"keaa-products/waller-plate-167-0","approved","products","image","jpg","1.keaa-assets/keaa-products/waller-plate-167-0.jpg","50","13597","false",""
"keaa-products/waller-plate-167-1","approved","products","image","jpg","1.keaa-assets/keaa-products/waller-plate-167-1.jpg","50","13597","false",""
"keaa-products/water-barrier-with-disc-163-0","approved","products","image","jpg","1.keaa-assets/keaa-products/water-barrier-with-disc-163-0.jpg","61","11125","false",""
"keaa-products/water-trough-47-0","approved","products","image","jpg","1.keaa-assets/keaa-products/water-trough-47-0.jpg","49","10935","false",""
"keaa-products/wedge-clamp-casted-172-0","approved","products","image","jpg","1.keaa-assets/keaa-products/wedge-clamp-casted-172-0.jpg","56","9822","false",""
"keaa-products/wedge-clamp-casted-400-0","approved","products","image","jpg","1.keaa-assets/keaa-products/wedge-clamp-casted-400-0.jpg","56","16334","false",""
"keaa-products/weighing-scales-95-0","approved","products","image","jpg","1.keaa-assets/keaa-products/weighing-scales-95-0.jpg","52","23117","false",""
"keaa-products/wing-nut-forged-154-0","approved","products","image","jpg","1.keaa-assets/keaa-products/wing-nut-forged-154-0.jpg","53","10805","false",""
"keaa-products/y-type-post-supports-321-0","approved","products","image","jpg","1.keaa-assets/keaa-products/y-type-post-supports-321-0.jpg","58","13900","false",""
"keaa-products/y-type-post-supports-321-1","approved","products","image","jpg","1.keaa-assets/keaa-products/y-type-post-supports-321-1.jpg","58","14925","false",""
"keaa-products/y-type-post-supports-321-2","approved","products","image","jpg","1.keaa-assets/keaa-products/y-type-post-supports-321-2.jpg","58","13492","false",""
"keaa-products/y-type-post-supports-326-0","approved","products","image","jpg","1.keaa-assets/keaa-products/y-type-post-supports-326-0.jpg","58","12726","false",""
"keaa-products/y-type-post-supports-326-1","approved","products","image","jpg","1.keaa-assets/keaa-products/y-type-post-supports-326-1.jpg","58","12888","false",""
"keaa-products/y-type-post-supports-326-2","approved","products","image","jpg","1.keaa-assets/keaa-products/y-type-post-supports-326-2.jpg","58","11446","false",""
"Prop_BD_Class_Certificate_EN_1065_xy9uzr","approved","certificate-pdfs","image","pdf","1.keaa-assets/keaa-certificates/prop_bd_class_certificate_en_1065_xy9uzr.pdf","76","162877","false",""
"Ring_Lock_Final_Video_Comp_Final_j0p3m4","approved","hero-videos","video","mp4","1.keaa-assets/1.keaa-hero-page-videos/ring_lock_final_video_comp_final_j0p3m4.mp4","81","6985782","false",""
"Ring_Lock_Final_Video_Comp_Final_pq7822","approved","hero-videos","video","mp4","1.keaa-assets/1.keaa-hero-page-videos/ring_lock_final_video_comp_final_pq7822.mp4","81","6985782","false",""
"Ring_Lock_Final_Video_Comp_Final_yu156e","approved","hero-videos","video","mp4","1.keaa-assets/1.keaa-hero-page-videos/ring_lock_final_video_comp_final_yu156e.mp4","81","6985782","false",""
"T.P.I._ATTESTATION_OF_INSPECTION_ISO_1462_KEAA_INTERNATIONAL_1_qch4w5","approved","certificate-pdfs","image","pdf","1.keaa-assets/keaa-certificates/t.p.i._attestation_of_inspection_iso_1462_keaa_international_1_qch4w5.pdf","105","1055800","false",""